no;stopremoval
1;tanyarl
2;tuh
3;tuhh
4;nih
5;tuch
6;nich
7;ihh
8;iw
9;ihhh
10;ih
11;yo
12;ya
13;mah
14;sih
15;lah
16;mjb
17;loh
18;lah
19;wow
20;waw
21;deh
22;woi
23;si
24;lho
25;wkwk
26;tak
27;argh
28;fafifuwasweswos
29;ew
30;jiah
31;baliblue41
32;bot
33;ha
34;ckckck
35;dah
36;jiakh
37;gdjaks
38;jeng
39;exynos
40;nge
41;hh
42;cc
43;lach
44;eala
45;fucek
46;au
47;akqkwkakaka
48;ish
49;askrl
50;awikwok
51;hiks
52;ooii
53;argh
54;edan
55;fakk
56;wkwk
57;skull
58;wk
59;mjb
60;ckckc
61;sydbeiwiwid
62;bhahahha
63;yahh
64;yah
65;njir
66;anjir
67;anjirrr
68;anjirrrr
69;cehhh
70;ceh
71;cell
72;aa
73;aaaa
74;aaaaaaakkk
75;aaaaahhhh
76;aaaak
77;aaaammmiiiinnnn
78;yak
79;hueaeeaea
80;huhuheueheuheu
81;cel
82;ara
83;halaah
84;hahahahhaha
85;ahahahah
86;min
87;dih
88;au
89;ah
90;wkwkwkwk
91;ywnzznn
92;arghh
93;ihh
94;ihhh
95;ken
96;xiao
97;colleague
98;hahahaha
99;yeayy
100;viggo
101;huhu
102;hala
